usuario;email;cpf;senha
VanCalculating ;yatixi2447@luxiu2.com;51456267035;eKWiX171
ClunkTheGrandiose ;vepitas912@mainctu.com;42176334086;peccuG5Z
Calculatingmann ;yotedax537@luxiu2.com;32610880014;WlwdaXha
Calculatingstrom ;kodomem774@nefacility.com;8539482088;fpu7aKHO
FrankelClunk ;cewokev765@latovic.com;30879729082;zxMhUse8
Calculatinghae ;nebig12213@mainctu.com;72674715014;sXMlPolm
DasCalculating ;geridi3378@luxiu2.com;72525907043;kIlwyHbm
Clunkun ;wapayax967@latovic.com;79067927007;tRTJpPR9
Calculatingsson ;picec56374@mainctu.com;37686558061;usIrHWO1
Clunkovski ;pokoyec508@luxiu2.com;83769602021;QXXXkbuS
QuirkyCalculating ;hejifa7582@luxiu2.com;33513089066;l3xYwdBN
Calculatingstein ;yiwan29867@mainctu.com;98973632035;saUmdmxb
CalnkNyogu ;cogeler843@mainctu.com;91670653099;p65jXCUM
Leacalculating ;nopil14106@luxiu2.com;99920742058;djbXQ0G0
ClunkOfMap ;yodevag183@nefacility.com;51928250084;T5CuzTbN
Clunkdesu ;lijodes185@nefacility.com;83931628078;tBKagL1e
Calculatinglitz ;nosejav256@luxiu2.com;68197619026;X5LaYOrA
VonCalculating ;kanifig251@nefacility.com;68456976040;eJwhLO8R
HideousClunk ;cakore7814@nefacility.com;37913045000;KHQyZqX3
CalnkClung ;tawof48479@latovic.com;89016965092;ktT9TMk4
clunkc4lcul471n6 ;xadog60973@latovic.com;10133884023;fXwPzFYx
Clunkkeo ;yoxahi5294@mainctu.com;37853562004;S2U4jDcu
CalcluNkng ;wojat10721@mainctu.com;8733617090;Ktikb6dC
Calculatingsama ;walamip744@luxiu2.com;23792161001;pyBAAl4f
C4lnkClun6 ;piyit31614@nefacility.com;88014967020;8quywIlF
Clunkoff ;lohey66166@mainctu.com;20799798096;B79lAcWL
Xoyclunk ;hotos13776@latovic.com;63907853059;L5wn1Pph
Clunksan ;rakici7213@mainctu.com;52352653002;DqhDSciR
TheShaggyCalculating ;codofi1028@mainctu.com;82266374060;ITF5drAe
Calculatingchenko ;xidol87501@mainctu.com;74046872098;CTHHy2zb
